-- phpMyAdmin SQL Dump
-- version 4.9.1
-- https://www.phpmyadmin.net/
--
-- Host: 127.0.0.1
-- Generation Time: Dec 02, 2019 at 05:00 PM
-- Server version: 10.4.8-MariaDB
-- PHP Version: 7.3.11

SET SQL_MODE = "NO_AUTO_VALUE_ON_ZERO";
SET AUTOCOMMIT = 0;
START TRANSACTION;
SET time_zone = "+00:00";


/*!40101 SET @OLD_CHARACTER_SET_CLIENT=@@CHARACTER_SET_CLIENT */;
/*!40101 SET @OLD_CHARACTER_SET_RESULTS=@@CHARACTER_SET_RESULTS */;
/*!40101 SET @OLD_COLLATION_CONNECTION=@@COLLATION_CONNECTION */;
/*!40101 SET NAMES utf8mb4 */;

--
-- Database: `tms`
--

-- --------------------------------------------------------

--
-- Table structure for table `admin`
--

CREATE TABLE `admin` (
  `id` int(11) NOT NULL,
  `UserName` varchar(100) DEFAULT NULL,
  `Password` varchar(100) DEFAULT NULL,
  `updationDate` timestamp NULL DEFAULT NULL
) ENGINE=InnoDB DEFAULT CHARSET=latin1;

--
-- Dumping data for table `admin`
--

INSERT INTO `admin` (`id`, `UserName`, `Password`, `updationDate`) VALUES
(1, 'admin', 'f925916e2754e5e03f75dd58a5733251', '2017-05-13 11:18:49');

-- --------------------------------------------------------

--
-- Table structure for table `tblbooking`
--

CREATE TABLE `tblbooking` (
  `BookingId` int(11) NOT NULL,
  `PackageId` int(11) DEFAULT NULL,
  `UserEmail` varchar(100) DEFAULT NULL,
  `FromDate` varchar(100) DEFAULT NULL,
  `ToDate` varchar(100) DEFAULT NULL,
  `Comment` mediumtext DEFAULT NULL,
  `RegDate` timestamp NULL DEFAULT current_timestamp(),
  `status` int(11) DEFAULT NULL,
  `CancelledBy` varchar(5) DEFAULT NULL,
  `UpdationDate` timestamp NULL DEFAULT NULL ON UPDATE current_timestamp()
) ENGINE=InnoDB DEFAULT CHARSET=latin1;

--
-- Dumping data for table `tblbooking`
--

INSERT INTO `tblbooking` (`BookingId`, `PackageId`, `UserEmail`, `FromDate`, `ToDate`, `Comment`, `RegDate`, `status`, `CancelledBy`, `UpdationDate`) VALUES
(2, 1, 'anuj@gmail.com', '05/18/2017', '05/31/2017', '\"Lorem ipsum dolor sit amet, cpariatur. Excepteur sint ', '2017-05-13 19:01:10', 2, 'u', '2017-05-13 21:30:23'),
(3, 2, 'anuj@gmail.com', '05/16/2017', '05/31/2017', 'casf esd sg gd gdfh df', '2017-05-13 20:20:01', 2, 'a', '2017-05-13 23:04:40'),
(4, 1, 'anuj@gmail.com', '05/16/2017', '05/31/2017', 'dwef  fwe', '2017-05-13 20:32:54', 2, 'a', '2017-05-13 21:36:39'),
(5, 1, 'anuj@gmail.com', '05/16/2017', '05/31/2017', 'dwef  fwe', '2017-05-13 20:33:17', 2, 'a', '2019-07-20 20:02:42'),
(6, 2, 'anuj@gmail.com', '05/14/2017', '05/24/2017', 'test demo', '2017-05-13 21:18:37', 2, 'a', '2017-05-14 07:58:28'),
(7, 4, 'sarita@gmail.com', '05/26/2017', '05/30/2017', 'est laborum.\" velit esse cillum dolore eu fugiat nulla pariatur. Excepteur sint occaecat cupidatat non proident, sunt in culpa qui officia deserunt mollit anim id est laborum.\" velit esse cillum dolore eu fugiat nulla pariatur. Excepteur sint occaecat cupidatat non proident, sunt in culpa qui officia deserunt mollit anim id est laborum.', '2017-05-14 05:09:11', 2, 'a', '2017-05-14 07:47:39'),
(8, 2, 'sarita@gmail.com', '05/27/2017', '05/28/2017', 'ubub5u6', '2017-05-14 05:10:24', 2, 'a', '2017-05-14 05:13:03'),
(9, 1, 'demo@test.com', '05/19/2017', '05/21/2017', 'demo test demo test', '2017-05-14 07:45:11', 1, NULL, '2017-05-14 07:47:45'),
(10, 5, 'abc@g.com', '05/22/2017', '05/24/2017', 'test test t test test ttest test ttest test ttest test ttest test ttest test ttest test ttest test ttest test ttest test ttest test ttest test ttest test t', '2017-05-14 07:56:26', 1, NULL, '2017-05-14 07:58:19'),
(11, 4, 'anuj@gmail.com', '2019-07-31', '2019-08-02', 'This is sample text for testing,', '2019-07-20 20:15:35', 0, NULL, NULL),
(12, 1, 'ass4st@gmail.com', '2019-12-03', '2019-12-05', 'hi', '2019-12-01 13:11:15', 0, NULL, NULL),
(13, 1, 'ass4st@gmail.com', '2019-12-03', '2019-12-10', 'hi', '2019-12-02 13:10:47', 0, NULL, NULL);

-- --------------------------------------------------------

--
-- Table structure for table `tblenquiry`
--

CREATE TABLE `tblenquiry` (
  `id` int(11) NOT NULL,
  `FullName` varchar(100) DEFAULT NULL,
  `EmailId` varchar(100) DEFAULT NULL,
  `MobileNumber` char(10) DEFAULT NULL,
  `Subject` varchar(100) DEFAULT NULL,
  `Description` mediumtext DEFAULT NULL,
  `PostingDate` timestamp NULL DEFAULT current_timestamp(),
  `Status` int(1) DEFAULT NULL
) ENGINE=InnoDB DEFAULT CHARSET=latin1;

--
-- Dumping data for table `tblenquiry`
--

INSERT INTO `tblenquiry` (`id`, `FullName`, `EmailId`, `MobileNumber`, `Subject`, `Description`, `PostingDate`, `Status`) VALUES
(1, 'anuj', 'anuj.lpu1@gmail.com', '2354235235', 'The standard Lorem Ipsum passage, used since the 1500s', 'Lorem ipsum dolor sit amet, consectetur adipiscing elit, sed do eiusmod tempor incididunt ut labore et dolore magna aliqua. Ut enim ad minim veniam, quis nostrud exercitation ullamco laboris nisi ut aliquip ex ea commodo consequat. Duis aute irure dolor in reprehenderit in voluptate velit esse cillum dolore eu fugiat nulla pariatur. Excepteur sint occaecat cupidatat non proident, sunt in culpa qui officia deserunt mollit anim id est laborum', '2017-05-13 22:23:53', 1),
(2, 'efgegter', 'terterte@gmail.com', '3454353453', 'The standard Lorem Ipsum passage', 'nventore veritatis et quasi architecto beatae vitae dicta sunt explicabo. Nemo enim ipsam voluptatem quia voluptas sit aspernatur aut odit aut fugit, sed quia consequuntur magni dolores eos qui ratione voluptatem sequi nesciunt. Neque porro quisquam est, qui dolorem ipsum quia dolor sit amet, consectetur, adipisci velit, sed quia non numquam eius modi tempora incidunt ut labore et dolore magnam aliquam quaerat volup', '2017-05-13 22:27:00', 1),
(3, 'fwerwetrwet', 'fwsfhrtre@hdhdhqw.com', '8888888888', 'erwt wet', 'nventore veritatis et quasi architecto beatae vitae dicta sunt explicabo. Nemo enim ipsam voluptatem quia voluptas sit aspernatur aut odit aut fugit, sed quia consequuntur magni dolores eos qui ratione voluptatem sequi nesciunt. Neque porro quisquam est, qui dolorem ipsum quia dolor sit amet, consectetur, adipisci velit, sed quia non numquam eius modi tempora incidunt ut labore et dolore magnam aliquam quaerat volup', '2017-05-13 22:28:11', 1),
(4, 'Test', 'test@gm.com', '4747474747', 'Test', 'iidiidiidiidiidiidiidiidiidiidiidiidiidiidiidiidiidiidiidiidiidiidiidiidiidiid', '2017-05-14 07:54:07', 1),
(5, 'shalini', 'shalinitiwaryjsr@gmail.com', '9304031626', 'hi', 'hi', '2019-12-02 13:02:36', NULL),
(6, 'shalini', 'shalinitiwaryjsr@gmail.com', '9304031626', 'hi', 'hi', '2019-12-02 13:03:10', NULL),
(7, 'shalini', 'shalinitiwaryjsr@gmail.com', '9304031626', 'hi', 'hi', '2019-12-02 13:03:24', NULL);

-- --------------------------------------------------------

--
-- Table structure for table `tblissues`
--

CREATE TABLE `tblissues` (
  `id` int(11) NOT NULL,
  `UserEmail` varchar(100) DEFAULT NULL,
  `Issue` varchar(100) DEFAULT NULL,
  `Description` mediumtext DEFAULT NULL,
  `PostingDate` timestamp NULL DEFAULT current_timestamp(),
  `AdminRemark` mediumtext DEFAULT NULL,
  `AdminremarkDate` timestamp NULL DEFAULT NULL ON UPDATE current_timestamp()
) ENGINE=InnoDB DEFAULT CHARSET=latin1;

--
-- Dumping data for table `tblissues`
--

INSERT INTO `tblissues` (`id`, `UserEmail`, `Issue`, `Description`, `PostingDate`, `AdminRemark`, `AdminremarkDate`) VALUES
(4, 'anuj@gmail.com', 'Cancellation', 'Lorem ipsum dolor sit amet, consectetur adipiscing elit, sed do eiusmod tempor incididunt ut labore et dolore magna aliqua. Ut enim ad minim veniam, quis nostrud exercitation ullamco ', '2017-05-13 22:03:33', 'Sed ut perspiciatis unde omnis iste natus error sit voluptatem accusantium doloremque laudantium, totam rem aperiam, eaque ipsa quae ab illo inventore veritatis et quasi architecto beatae vitae dicta sunt explicabo. Nemo enim ipsam voluptatem quia voluptas sit aspernatur aut odit aut fugit, sed quia consequuntur magni dolores eos qui ratione voluptatem sequi nesciunt. Neque porro quisquam est, qui dolorem ipsum quia dolor sit amet, consectetur, adipisci velit, sed quia non numquam eius modi tempora incidunt ut labore et dolore magnam aliquam quaerat voluptatem. Ut enim ad minima veniam, quis nostrum exercitationem ullam corporis suscipit laboriosam, nisi ut aliquid ex ea commodi consequatur? Quis autem vel eum iure reprehenderit qui in ea voluptate velit esse quam nihil molestiae consequatur, vel illum qui dolorem eum fugiat quo voluptas nulla pariatur', '2017-05-13 23:50:40'),
(5, 'sarita@gmail.com', 'Cancellation', 'tbt 3y 34y4 3y3hgg34t', '2017-05-14 05:12:14', 'sg sd gs g sdgfs ', '2017-05-14 07:52:07'),
(6, 'demo@test.com', 'Refund', 'demo test.com demo test.comdemo test.comdemo test.comdemo test.com', '2017-05-14 07:45:37', NULL, '0000-00-00 00:00:00'),
(7, 'abc@g.com', 'Refund', 'test test ttest test ttest test ttest test ttest test ttest test t', '2017-05-14 07:56:46', 'vetet ert erteryre', '2017-05-14 07:58:43'),
(8, NULL, NULL, NULL, '2019-12-01 13:10:18', NULL, NULL);

-- --------------------------------------------------------

--
-- Table structure for table `tblpages`
--

CREATE TABLE `tblpages` (
  `id` int(11) NOT NULL,
  `type` varchar(255) DEFAULT '',
  `detail` longtext DEFAULT NULL
) ENGINE=MyISAM DEFAULT CHARSET=latin1;

--
-- Dumping data for table `tblpages`
--

INSERT INTO `tblpages` (`id`, `type`, `detail`) VALUES
(3, 'aboutus', '										<span style=\"color: rgb(0, 0, 0); font-family: &quot;Open Sans&quot;, Arial, sans-serif; font-size: 14px; text-align: justify;\">We provide people of all age groups to book pgs near lpu in law gate .</span>'),
(11, 'contact', '										<span style=\"color: rgb(0, 0, 0); font-family: &quot;Open Sans&quot;, Arial, sans-serif; font-size: 14px; text-align: justify;\">LOVELY PROFFESIONAL UNIVERSITY,ADMISSION BLOCK .</span>');

-- --------------------------------------------------------

--
-- Table structure for table `tbltourpackages`
--

CREATE TABLE `tbltourpackages` (
  `PackageId` int(11) NOT NULL,
  `PackageName` varchar(200) DEFAULT NULL,
  `PackageType` varchar(150) DEFAULT NULL,
  `PackageLocation` varchar(100) DEFAULT NULL,
  `PackagePrice` int(11) DEFAULT NULL,
  `PackageFetures` varchar(255) DEFAULT NULL,
  `PackageDetails` mediumtext DEFAULT NULL,
  `PackageImage` varchar(100) DEFAULT NULL,
  `Creationdate` timestamp NULL DEFAULT current_timestamp(),
  `UpdationDate` timestamp NULL DEFAULT NULL ON UPDATE current_timestamp()
) ENGINE=InnoDB DEFAULT CHARSET=latin1;

--
-- Dumping data for table `tbltourpackages`
--

INSERT INTO `tbltourpackages` (`PackageId`, `PackageName`, `PackageType`, `PackageLocation`, `PackagePrice`, `PackageFetures`, `PackageDetails`, `PackageImage`, `Creationdate`, `UpdationDate`) VALUES
(1, 'SARDAR APARTMENTS', 'General', 'D11, Simar Enclave, Near Lpu Law Gate, Meheru, Phagwara - 144402, Near Law Gate Lpu', 8000, 'Air Conditioning ,Balcony / Terrace,Cable / Satellite / Pay TV /Geyser available,Ceiling Fan.', '1)Paying guest accomodations.\r\n\r\n\r\n\r\n\r\n\r\n2)Hostel for girl students.\r\n\r\n3)Hostel for boy students.\r\n\r\n4)One seater\r\n\r\n5)Two seater\r\n\r\n6)Three seater.\r\n\r\n7)four seater\r\n\r\n  ', 'a.jpeg', '2017-05-13 14:23:44', '2019-12-02 02:49:22'),
(2, 'AANJANAY PG', 'General', 'Building No-188, Simar Enclave, Phagwara - 144402, Near Law Gate Lpu', 9000, ' 24 Hours Water Meals Available Security Deposit Visitors allowed Laundry Services Available', '1}Hostels For Men\r\n2?Hostel For Girl Students\r\n3)AC Paying Guest Accommodations For Student\r\n4)Hostel For Students\r\n5)Hostels For Women\r\n6)Paying Guest Accommodations\r\n7)Paying Guest Accommodations For Student8)\r\nPaying Guest Accommodations For Women\r\n9)Paying Guest Accommodations For Men\r\n10)Hostels For Working Women', 'b.jpg', '2017-05-13 15:24:26', '2019-12-02 03:11:54'),
(3, 'JAZZY PROPERTIES', 'general', 'Shree Nand Enclave, Backside Lpu Maheru, Phagwara Sharki, Phagwara -', 8500, 'Air Conditioning ,Balcony / Terrace,Cable / Satellite / Pay TV /Geyser available,Ceiling Fan.', '1)Estate Agents For Agricultural Land\r\n2)Hostel For Girl Students\r\n3)Estate Agents For Commercial Rental\r\n4)Estate Agents For Residential Plots\r\n5)AC Paying Guest Accommodations For Women\r\n6)Estate Agents For Commercial Spaces\r\n7)Estate Agents For Land', 'c.jpg', '2017-05-13 16:00:58', '2019-12-02 15:03:29'),
(4, 'S B S PROPERTY ADVISOR', 'general', 'Sardara Pg, Shop No.1, Law Gate Road, Phagwara - 144401, Opposite Ashiana Pg', 7500, 'Air Conditioning ,Balcony / Terrace,Cable / Satellite / Pay TV /Geyser available,Ceiling Fan.', 'S B S Property Advisor in Law gate road, Phagwara is a top player in the category Estate Agents For Residential Rental in the Phagwara. This well-known establishment acts as a one-stop destination servicing customers both local and from other parts of Phagwara. Over the course of its journey, this business has established a firm foothold in it’s industry. The belief that customer satisfaction is as important as their products and services, have helped this establishment garner a vast base of customers, which continues to grow by the day. This business employs individuals that are dedicated towards their respective roles and put in a lot of effort to achieve the common vision and larger goals of the company. In the near future, this business aims to expand its line of products and services and cater to a larger client base. In Phagwara, this establishment occupies a prominent location in Law gate road. It is an effortless task in commuting to this establishment as there are various modes of transport readily available. It is at Law gate road, Opposite Ashiana Pg, which makes it easy for first-time visitors in locating this establishment. It is known to provide top service in the following categories: Estate Agents For Residential Rental, Estate Agents, Paying Guest Accommodations, Paying Guest Accommodations For Men, Estate Agents For Residence, Estate Agents For Commercial Rental, Hostels, Paying Guest Accommodations For Women.', 'd.jpg', '2017-05-13 22:39:37', '2019-12-02 15:03:40'),
(5, 'SUN PG', 'General', 'House No-180, Street No-3, Phagwara - 144401, Near Electricity Board', 7500, 'Air Conditioning ,Balcony / Terrace,Cable / Satellite / Pay TV /Geyser available,Ceiling Fan.', 'Established in the year 2014, Sun P.g in Street No-3, Phagwara is a top player in the category Paying Guest Accommodations For Men in the Phagwara. This well-known establishment acts as a one-stop destination servicing customers both local and from other parts of Phagwara. Over the course of its journey, this business has established a firm foothold in it’s industry. The belief that customer satisfaction is as important as their products and services, have helped this establishment garner a vast base of customers, which continues to grow by the day. This business employs individuals that are dedicated towards their respective roles and put in a lot of effort to achieve the common vision and larger goals of the company. In the near future, this business aims to expand its line of products and services and cater to a larger client base. In Phagwara, this establishment occupies a prominent location in Street No-3. It is an effortless task in commuting to this establishment as there are various modes of transport readily available. It is at Street No-3, Near Electricity Board Model Town, which makes it easy for first-time visitors in locating this establishment. It is known to provide top service in the following categories: Paying Guest Accommodations For Men, Paying Guest Accommodations, AC Paying Guest Accommodations For Men, AC Paying Guest Accommodations, Paying Guest Accommodation For Corporates, AC Paying Guest Accommodation For Corporates, Paying Guest Accommodations For Student, Paying Guest Accommodations For Boy Student.\r\n\r\n', 'f.jpg', '2017-05-13 22:42:10', '2019-12-02 15:03:52'),
(6, 'GREEN PROPERTY ADVISOR', 'GENERAL', 'Law Gate, Phagwara Sharki, Phagwara - 144401, Near LPU', 5000, 'Frree wifi, ', 'Established in the year 2012, Green Property Advisor in Phagwara Sharki, Phagwara is a top player in the category Estate Agents in the Phagwara. This well-known establishment acts as a one-stop destination servicing customers both local and from other parts of Phagwara. Over the course of its journey, this business has established a firm foothold in it’s industry. The belief that customer satisfaction is as important as their products and services, have helped this establishment garner a vast base of customers, which continues to grow by the day. This business employs individuals that are dedicated towards their respective roles and put in a lot of effort to achieve the common vision and larger goals of the company. In the near future, this business aims to expand its line of products and services and cater to a larger client base. In Phagwara, this establishment occupies a prominent location in Phagwara Sharki. It is an effortless task in commuting to this establishment as there are various modes of transport readily available. It is at , Near LPU, which makes it easy for first-time visitors in locating this establishment. It is known to provide top service in the following categories: Estate Agents, Estate Agents For Residential Rental, Paying Guest Accommodations, Paying Guest Accommodations For Men, Estate Agents For Residence, Estate Agents For Commercial Rental, Paying Guest Accommodations For Women, Estate Agents For Land.', 'e.jpg', '2017-05-14 08:01:08', '2019-12-02 03:37:05');

-- --------------------------------------------------------

--
-- Table structure for table `tblusers`
--

CREATE TABLE `tblusers` (
  `id` int(11) NOT NULL,
  `FullName` varchar(100) DEFAULT NULL,
  `MobileNumber` char(10) DEFAULT NULL,
  `EmailId` varchar(70) DEFAULT NULL,
  `Password` varchar(100) DEFAULT NULL,
  `RegDate` timestamp NULL DEFAULT current_timestamp(),
  `UpdationDate` timestamp NULL DEFAULT NULL ON UPDATE current_timestamp()
) ENGINE=InnoDB DEFAULT CHARSET=latin1;

--
-- Dumping data for table `tblusers`
--

INSERT INTO `tblusers` (`id`, `FullName`, `MobileNumber`, `EmailId`, `Password`, `RegDate`, `UpdationDate`) VALUES
(1, 'Anuj kumar', '1111111111', 'anuj@gmail.com', 'f925916e2754e5e03f75dd58a5733251', '2017-05-10 10:38:17', '2019-07-20 20:18:18'),
(3, 'sarita', '9999999999', 'sarita@gmail.com', '5c428d8875d2948607f3e3fe134d71b4', '2017-05-10 10:50:48', '2017-05-14 07:40:19'),
(7, 'test', '7676767676', 'test@gm.com', 'f925916e2754e5e03f75dd58a5733251', '2017-05-10 10:54:56', '0000-00-00 00:00:00'),
(8, 'Anuj kumar', '9999999999', 'demo@gmail.com', 'f925916e2754e5e03f75dd58a5733251', '2017-05-14 07:17:44', '0000-00-00 00:00:00'),
(9, 'XYZabc', '3333333333', 'xyz@gmail.com', 'f925916e2754e5e03f75dd58a5733251', '2017-05-14 07:25:13', '2017-05-14 07:25:42'),
(10, 'Anuj Kumar', '4543534534', 'demo@test.com', 'f925916e2754e5e03f75dd58a5733251', '2017-05-14 07:43:23', '2017-05-14 07:46:57'),
(11, 'XYZ', '8888888888', 'abc@g.com', 'f925916e2754e5e03f75dd58a5733251', '2017-05-14 07:54:32', '2017-05-14 07:55:17'),
(12, 'Shalini', '9304031626', 'ass4st@gmail.com', 'eb1e2fc44359ff2843c07a492f790944', '2019-12-01 13:10:17', NULL);

--
-- Indexes for dumped tables
--

--
-- Indexes for table `admin`
--
ALTER TABLE `admin`
  ADD PRIMARY KEY (`id`);

--
-- Indexes for table `tblbooking`
--
ALTER TABLE `tblbooking`
  ADD PRIMARY KEY (`BookingId`);

--
-- Indexes for table `tblenquiry`
--
ALTER TABLE `tblenquiry`
  ADD PRIMARY KEY (`id`);

--
-- Indexes for table `tblissues`
--
ALTER TABLE `tblissues`
  ADD PRIMARY KEY (`id`);

--
-- Indexes for table `tblpages`
--
ALTER TABLE `tblpages`
  ADD PRIMARY KEY (`id`);

--
-- Indexes for table `tbltourpackages`
--
ALTER TABLE `tbltourpackages`
  ADD PRIMARY KEY (`PackageId`);

--
-- Indexes for table `tblusers`
--
ALTER TABLE `tblusers`
  ADD PRIMARY KEY (`id`),
  ADD KEY `EmailId` (`EmailId`),
  ADD KEY `EmailId_2` (`EmailId`);

--
-- AUTO_INCREMENT for dumped tables
--

--
-- AUTO_INCREMENT for table `admin`
--
ALTER TABLE `admin`
  MODIFY `id` int(11) NOT NULL AUTO_INCREMENT, AUTO_INCREMENT=2;

--
-- AUTO_INCREMENT for table `tblbooking`
--
ALTER TABLE `tblbooking`
  MODIFY `BookingId` int(11) NOT NULL AUTO_INCREMENT, AUTO_INCREMENT=14;

--
-- AUTO_INCREMENT for table `tblenquiry`
--
ALTER TABLE `tblenquiry`
  MODIFY `id` int(11) NOT NULL AUTO_INCREMENT, AUTO_INCREMENT=8;

--
-- AUTO_INCREMENT for table `tblissues`
--
ALTER TABLE `tblissues`
  MODIFY `id` int(11) NOT NULL AUTO_INCREMENT, AUTO_INCREMENT=9;

--
-- AUTO_INCREMENT for table `tblpages`
--
ALTER TABLE `tblpages`
  MODIFY `id` int(11) NOT NULL AUTO_INCREMENT, AUTO_INCREMENT=22;

--
-- AUTO_INCREMENT for table `tbltourpackages`
--
ALTER TABLE `tbltourpackages`
  MODIFY `PackageId` int(11) NOT NULL AUTO_INCREMENT, AUTO_INCREMENT=7;

--
-- AUTO_INCREMENT for table `tblusers`
--
ALTER TABLE `tblusers`
  MODIFY `id` int(11) NOT NULL AUTO_INCREMENT, AUTO_INCREMENT=13;
COMMIT;

/*!40101 SET CHARACTER_SET_CLIENT=@OLD_CHARACTER_SET_CLIENT */;
/*!40101 SET CHARACTER_SET_RESULTS=@OLD_CHARACTER_SET_RESULTS */;
/*!40101 SET COLLATION_CONNECTION=@OLD_COLLATION_CONNECTION */;
